---,TaskName,SelectionChance,TimesCallable,TaskType,TaskRequired,TaskRequiredExtension,HasExtension,Times Called
Clothes,"Get Clothes","0.120000","10","Clothes","Clothes","MysteryBag","False","1"
WashRags,"Get Wash Rags","0.100000","10","WashRag","WashRag","MysteryBag","False","0"
GeigerCounter,"Get Geiger Counter","0.100000","10","GeigerCounter","GeigerCounter","MysteryBag","False","0"
Dosimeter,"Get Dosimeter","0.080000","10","Dosimeter","Dosimeter","MysteryBag","False","0"
Seeds,"Get Seeds","0.200000","10","Seeds","Seeds","MysteryBag","False","0"
Microscope,"Get Microscopes","0.090000","10","Microscope","Microscope","MysteryBag","False","0"
Centrifuge,"Get Centrifuge","0.130000","10","Centrifuge","Centrifuge","MysteryBag","False","0"
PetriDish,"Get PetriDishes","0.040000","10","PetriDish","PetriDish","MysteryBag","False","0"
SolarCells,"Get Solar Cells","0.140000","10","SolarCell","SolarCell","MysteryBag","False","0"
